Тираж,Дата,Комплект,N1,N2,N3,N4,N5,N6
2527,2025-06-27,,3,23,27,31,35,43
2526,2025-06-21,3.0,26,5,13,33,9,37
2525,2025-06-18,4.0,43,40,41,4,19,42
2524,2025-06-14,4.0,1,9,38,31,12,36
2523,2025-06-11,4.0,30,10,25,45,48,13
2522,2025-06-07,2.0,37,42,15,36,4,24
2521,2025-06-04,4.0,18,47,7,49,52,42
2520,2025-05-31,1.0,24,2,8,41,22,35
2519,2025-05-28,2.0,25,18,32,52,29,1
2518,2025-05-24,2.0,24,41,35,33,11,26
2517,2025-05-21,4.0,52,36,14,11,33,47
2516,2025-05-17,4.0,24,47,22,26,7,2
2515,2025-05-14,4.0,40,28,45,8,41,46
2514,2025-05-10,1.0,37,27,3,46,52,30
2513,2025-05-07,2.0,23,52,12,48,22,25
2512,2025-05-03,3.0,9,14,10,43,24,35
2511,2025-04-30,3.0,50,33,25,39,46,23
2510,2025-04-26,3.0,31,6,42,25,35,3
2509,2025-04-23,3.0,7,46,32,41,24,48
2508,2025-04-19,1.0,17,27,32,24,3,25
2507,2025-04-16,3.0,11,30,9,22,43,45
2506,2025-04-12,4.0,41,23,51,2,20,25
2505,2025-04-09,3.0,43,44,24,12,31,13
2504,2025-04-05,3.0,17,28,19,40,1,34
2503,2025-04-02,2.0,38,5,31,40,25,16
2502,2025-03-29,3.0,43,13,42,39,25,9
2501,2025-03-26,1.0,14,49,10,12,44,22
2500,2025-03-22,3.0,46,6,3,28,45,38
2499,2025-03-19,1.0,19,50,41,1,47,33
2498,2025-03-15,2.0,24,27,43,18,52,50
2497,2025-03-12,4.0,27,13,18,28,9,10
2496,2025-03-08,1.0,51,8,49,36,48,1
2495,2025-03-05,4.0,5,47,33,31,29,45
2494,2025-03-01,4.0,16,27,10,5,48,42
2493,2025-02-26,3.0,20,17,31,7,9,48
2492,2025-02-22,2.0,28,2,23,12,19,51
2491,2025-02-19,3.0,38,7,8,28,46,18
2490,2025-02-15,4.0,50,8,14,42,18,48
2489,2025-02-12,2.0,17,7,33,20,6,22
2488,2025-02-08,4.0,50,7,13,26,6,16
2487,2025-02-05,3.0,19,25,31,35,45,30
2486,2025-02-01,2.0,7,27,45,10,46,9
2485,2025-01-29,1.0,24,5,44,35,42,3
2484,2025-01-25,4.0,45,9,51,46,41,18
2483,2025-01-22,4.0,43,41,31,39,7,32
2482,2025-01-18,3.0,43,23,40,2,29,32
2481,2025-01-15,4.0,42,19,35,1,7,40
2480,2025-01-11,1.0,25,2,1,34,21,39
2479,2025-01-08,2.0,25,17,48,10,8,47
2478,2025-01-04,4.0,34,41,39,48,24,45
2477,2025-01-01,4.0,15,10,24,46,1,47
2476,2024-12-28,4.0,18,50,17,14,29,15
2475,2024-12-25,4.0,42,39,28,31,14,49
2474,2024-12-21,3.0,38,33,46,2,27,44
2473,2024-12-18,4.0,33,15,49,8,21,11
2472,2024-12-14,3.0,2,22,50,4,15,30
2471,2024-12-11,2.0,51,46,28,10,36,40
2470,2024-12-07,2.0,38,8,21,51,37,14
2469,2024-12-04,2.0,14,4,17,27,43,41
2468,2024-11-30,3.0,15,37,52,38,5,1
2467,2024-11-27,4.0,19,29,44,25,11,21
2466,2024-11-23,1.0,41,20,22,21,11,40
2465,2024-11-20,2.0,34,11,27,2,18,47
2464,2024-11-16,3.0,19,8,16,49,41,5
2463,2024-11-13,3.0,6,30,4,24,51,50
2462,2024-11-09,4.0,29,13,48,27,46,50
2461,2024-11-06,2.0,8,35,9,7,44,43
2460,2024-11-02,3.0,36,25,9,6,12,11
2459,2024-10-30,2.0,48,41,25,18,38,3
2458,2024-10-26,1.0,17,50,36,37,45,13
2457,2024-10-23,2.0,31,10,5,12,16,38
2456,2024-10-19,2.0,12,18,13,26,15,17
2455,2024-10-16,3.0,19,38,51,41,23,20
2454,2024-10-12,3.0,28,48,20,12,50,32
2453,2024-10-09,1.0,2,47,14,45,15,33
2452,2024-10-05,3.0,32,17,6,31,29,16
2451,2024-10-02,3.0,12,25,21,9,32,38
2450,2024-09-28,1.0,8,36,42,3,21,18
2449,2024-09-25,4.0,30,42,9,48,32,14
2448,2024-09-21,1.0,40,52,13,44,47,32
2447,2024-09-18,4.0,38,49,18,52,17,34
2446,2024-09-14,3.0,39,41,15,49,38,31
2445,2024-09-11,1.0,17,16,25,36,11,47
2444,2024-09-07,2.0,39,45,6,31,44,26
2443,2024-09-04,1.0,43,13,40,25,22,20
2442,2024-08-31,4.0,44,34,45,7,22,30
2441,2024-08-28,1.0,11,34,41,10,48,49
2440,2024-08-24,1.0,47,24,32,50,38,35
2439,2024-08-21,4.0,50,7,6,5,23,22
2438,2024-08-17,1.0,40,28,14,46,38,26
2437,2024-08-14,3.0,23,27,52,30,45,29
2436,2024-08-10,4.0,19,14,23,49,37,21
2435,2024-08-07,4.0,29,37,2,23,9,43
2434,2024-08-03,1.0,9,52,25,49,33,30
2433,2024-07-31,1.0,42,14,7,3,50,6
2432,2024-07-27,4.0,7,30,11,5,12,36
2431,2024-07-24,2.0,16,43,41,3,42,20
2430,2024-07-20,4.0,8,6,1,46,7,32
2429,2024-07-17,4.0,7,12,48,3,1,21
2428,2024-07-13,2.0,6,36,46,11,21,18
2427,2024-07-10,2.0,38,15,14,25,42,18
2426,2024-07-06,4.0,48,25,13,11,44,4
2425,2024-07-03,2.0,35,52,44,8,21,18
2424,2024-06-29,3.0,9,16,6,19,7,15
2423,2024-06-26,1.0,12,32,26,18,47,34
2422,2024-06-22,2.0,13,12,7,24,43,9
2421,2024-06-19,3.0,19,39,2,33,29,22
2420,2024-06-15,4.0,24,52,7,2,39,23
2419,2024-06-12,4.0,45,30,21,11,24,7
2418,2024-06-08,3.0,41,6,42,40,29,15
2417,2024-06-05,1.0,51,23,2,6,31,44
2416,2024-06-01,4.0,2,17,11,42,13,47
2415,2024-05-29,4.0,19,41,17,1,30,45
2414,2024-05-25,4.0,45,40,47,1,29,52
2413,2024-05-22,4.0,32,48,42,19,46,31
2412,2024-05-18,4.0,6,13,5,10,14,35
2411,2024-05-15,4.0,45,20,4,32,44,1
2410,2024-05-11,3.0,12,48,35,38,16,50
2409,2024-05-08,1.0,48,30,14,46,37,18
2408,2024-05-04,3.0,35,14,25,23,40,28
2407,2024-05-01,4.0,13,43,34,20,23,29
2406,2024-04-27,1.0,24,5,3,14,31,22
2405,2024-04-24,2.0,25,24,48,32,5,16
2404,2024-04-20,4.0,2,9,34,5,22,8
2403,2024-04-17,4.0,52,31,25,28,14,19
2402,2024-04-13,3.0,47,31,24,15,37,11
2401,2024-04-10,4.0,11,52,51,37,1,21
2400,2024-04-06,2.0,38,26,48,5,47,34
2399,2024-04-03,3.0,47,4,38,20,25,48
2398,2024-03-30,4.0,52,4,7,50,35,15
2397,2024-03-27,2.0,9,23,12,5,19,51
2396,2024-03-23,3.0,35,24,8,38,32,9
2395,2024-03-20,2.0,8,35,9,52,14,40
2394,2024-03-16,4.0,26,47,44,18,33,23
2393,2024-03-13,2.0,43,45,9,34,38,31
2392,2024-03-09,3.0,32,16,23,10,4,52
2391,2024-03-06,4.0,37,20,27,32,28,40
2390,2024-03-02,3.0,33,11,45,26,46,32
2389,2024-02-28,4.0,10,34,43,47,28,31
2388,2024-02-24,4.0,25,41,43,52,1,33
2387,2024-02-21,2.0,22,11,17,13,8,30
2386,2024-02-17,4.0,45,32,46,38,36,15
2385,2024-02-14,3.0,27,36,46,7,23,28
2384,2024-02-10,2.0,44,3,32,25,33,42
2383,2024-02-07,3.0,2,10,14,43,16,49
2382,2024-02-03,2.0,16,18,20,42,51,28
2381,2024-01-31,3.0,23,9,2,51,28,41
2380,2024-01-27,1.0,17,50,47,46,18,22
2379,2024-01-24,1.0,42,39,9,37,45,30
2378,2024-01-20,3.0,30,39,36,12,3,45
2377,2024-01-17,1.0,24,45,42,9,20,44
2376,2024-01-13,1.0,26,20,3,7,17,15
2375,2024-01-10,3.0,31,11,22,1,4,41
2374,2024-01-06,1.0,48,33,8,1,6,16
2373,2024-01-03,3.0,39,30,38,4,51,28
2372,2023-12-30,4.0,27,29,30,40,21,6
2371,2023-12-27,4.0,39,23,9,13,30,16
2370,2023-12-23,4.0,38,12,34,22,3,43
2369,2023-12-20,4.0,18,26,3,7,14,22
2368,2023-12-16,3.0,50,47,45,23,1,29
2367,2023-12-13,1.0,38,45,20,25,39,21
2366,2023-12-09,2.0,25,6,49,52,20,33
2365,2023-12-06,4.0,19,51,40,35,5,34
2364,2023-12-02,2.0,46,23,15,51,14,16
2363,2023-11-29,2.0,33,45,37,26,46,1
2362,2023-11-25,2.0,24,52,37,18,11,46
2361,2023-11-22,2.0,13,52,14,18,45,39
2360,2023-11-18,1.0,15,52,4,12,2,50
2359,2023-11-15,3.0,15,49,9,34,43,31
2358,2023-11-11,2.0,13,24,23,15,9,20
2357,2023-11-08,2.0,26,39,18,44,29,9
2356,2023-11-04,2.0,30,2,40,52,48,10
2355,2023-11-01,2.0,2,8,6,7,49,35
2354,2023-10-28,4.0,19,17,24,48,13,27
2353,2023-10-25,1.0,28,37,49,6,10,43
2352,2023-10-21,2.0,29,32,48,50,38,46
2351,2023-10-18,3.0,5,16,33,8,20,14
2350,2023-10-14,1.0,20,16,12,50,26,40
2349,2023-10-11,3.0,15,14,29,26,30,32
2348,2023-10-07,1.0,33,8,9,44,17,52
2347,2023-10-04,4.0,41,8,35,31,52,22
2346,2023-09-30,2.0,2,44,25,13,39,3
2345,2023-09-27,2.0,47,43,12,25,9,48
2344,2023-09-23,3.0,38,4,36,22,34,1
2343,2023-09-20,1.0,44,51,14,1,16,50
2342,2023-09-16,3.0,24,23,31,25,12,38
2341,2023-09-13,1.0,37,44,25,2,34,18
2340,2023-09-09,3.0,9,8,45,49,44,16
2339,2023-09-06,4.0,28,30,26,16,14,8
2338,2023-09-02,2.0,45,39,4,49,19,29
2337,2023-08-30,4.0,18,32,38,40,5,1
2336,2023-08-26,3.0,37,31,22,21,45,51
2335,2023-08-23,1.0,16,42,7,32,37,20
2334,2023-08-19,4.0,6,50,35,17,5,11
2333,2023-08-16,3.0,27,23,34,52,17,2
2332,2023-08-12,4.0,14,39,46,9,6,20
2331,2023-08-09,2.0,33,17,1,50,5,21
2330,2023-08-05,4.0,44,23,47,48,24,36
2329,2023-08-02,4.0,12,32,52,30,41,43
2328,2023-07-29,4.0,32,11,9,6,13,38
2327,2023-07-26,3.0,41,23,51,21,36,45
2326,2023-07-22,1.0,9,14,1,10,34,7
2325,2023-07-19,1.0,24,45,49,46,47,40
2324,2023-07-15,2.0,26,35,43,2,1,10
2323,2023-07-12,1.0,41,13,24,20,52,49
2322,2023-07-08,1.0,22,17,29,11,39,47
2321,2023-07-05,3.0,49,51,33,17,4,12
2320,2023-07-01,1.0,17,21,23,2,16,5
2319,2023-06-28,1.0,30,10,49,14,41,48
2318,2023-06-24,4.0,26,49,22,40,43,45
2317,2023-06-21,2.0,7,2,48,45,47,15
2316,2023-06-17,4.0,27,34,9,4,7,2
2315,2023-06-14,1.0,14,33,16,25,48,49
2314,2023-06-10,3.0,30,15,33,2,26,19
2313,2023-06-07,4.0,17,38,18,42,35,3
2312,2023-06-03,1.0,51,26,46,44,7,20
2311,2023-05-31,1.0,8,37,2,46,50,22
2310,2023-05-27,3.0,7,39,26,52,36,1
2309,2023-05-24,2.0,23,26,24,22,27,3
2308,2023-05-20,4.0,36,21,13,42,44,15
2307,2023-05-17,4.0,28,29,25,26,31,46
2306,2023-05-13,2.0,40,47,1,19,30,13
2305,2023-05-10,1.0,30,18,33,13,2,34
2304,2023-05-06,1.0,26,4,40,28,18,12
2303,2023-05-03,1.0,36,8,46,50,6,38
2302,2023-04-29,2.0,28,37,52,38,15,16
2301,2023-04-26,4.0,38,50,12,32,42,2
2300,2023-04-22,4.0,7,22,42,12,19,47
2299,2023-04-19,4.0,13,16,3,5,27,15
2298,2023-04-15,1.0,8,41,6,19,36,10
2297,2023-04-12,3.0,2,40,10,51,29,12
2296,2023-04-08,2.0,34,41,49,15,9,16
2295,2023-04-05,4.0,37,10,13,6,35,14
2294,2023-04-01,1.0,13,25,20,30,8,31
2293,2023-03-29,2.0,15,32,27,9,14,44
2292,2023-03-25,2.0,26,43,6,25,15,5
2291,2023-03-22,3.0,43,37,4,47,8,38
2290,2023-03-18,1.0,48,50,40,21,26,24
2289,2023-03-15,1.0,25,50,6,10,40,11
2288,2023-03-11,2.0,36,28,46,13,16,42
2287,2023-03-08,2.0,18,46,48,29,11,17
2286,2023-03-04,1.0,20,19,47,15,23,13
2285,2023-03-01,2.0,39,28,5,35,23,6
2284,2023-02-25,1.0,30,32,41,9,46,4
2283,2023-02-22,3.0,41,26,27,49,40,20
2282,2023-02-18,4.0,30,38,46,25,35,23
2281,2023-02-15,4.0,33,11,35,21,23,9
2280,2023-02-11,3.0,29,39,38,28,13,25
2279,2023-02-08,2.0,11,16,33,9,45,12
2278,2023-02-04,2.0,51,50,15,7,41,36
2277,2023-02-01,2.0,8,39,47,1,31,49
2276,2023-01-28,2.0,42,16,51,12,9,10
2275,2023-01-25,1.0,40,1,21,49,48,27
2274,2023-01-21,2.0,20,46,35,19,4,11
2273,2023-01-18,4.0,32,1,47,8,40,28
2272,2023-01-14,2.0,49,35,43,21,46,27
2271,2023-01-11,4.0,33,49,42,28,35,6
2270,2023-01-07,1.0,27,21,46,28,35,15
2269,2023-01-04,2.0,31,42,3,38,43,49
2268,2022-12-31,3.0,10,49,23,40,26,46
2267,2022-12-28,4.0,12,42,37,18,43,35
2266,2022-12-24,3.0,28,31,51,6,26,41
2265,2022-12-21,2.0,17,34,41,49,42,44
2264,2022-12-17,2.0,18,19,30,31,32,38
2263,2022-12-14,4.0,4,46,24,23,33,16
2262,2022-12-10,1.0,19,39,11,15,18,47
2261,2022-12-07,2.0,40,39,24,11,4,45
2260,2022-12-03,2.0,17,7,37,18,22,40
2259,2022-11-30,4.0,17,27,19,12,39,38
2258,2022-11-26,4.0,51,43,12,40,31,5
2257,2022-11-23,2.0,20,14,42,23,12,3
2256,2022-11-19,1.0,14,50,42,46,33,38
2255,2022-11-16,4.0,27,31,36,11,6,8
2254,2022-11-12,2.0,41,7,13,14,18,33
2253,2022-11-09,2.0,27,45,6,33,52,51
2252,2022-11-05,3.0,18,12,4,26,14,46
2251,2022-11-02,2.0,45,33,36,22,38,2
2250,2022-10-29,2.0,23,48,27,20,47,39
2249,2022-10-26,4.0,21,45,24,7,33,46
2248,2022-10-22,2.0,51,19,6,28,11,47
2247,2022-10-19,1.0,35,28,19,16,32,38
2246,2022-10-15,1.0,26,51,7,38,31,35
2245,2022-10-12,4.0,47,40,16,14,30,49
2244,2022-10-08,2.0,39,8,35,52,44,37
2243,2022-10-05,2.0,47,36,11,33,51,7
2242,2022-10-01,3.0,12,10,6,36,45,33
2241,2022-09-28,4.0,12,2,39,3,44,36
2240,2022-09-24,3.0,19,20,40,47,29,31
2239,2022-09-21,4.0,5,31,15,43,29,32
2238,2022-09-17,1.0,4,29,34,14,8,43
2237,2022-09-14,4.0,47,19,5,21,24,22
2236,2022-09-10,4.0,15,5,45,34,52,1
2235,2022-09-07,4.0,20,36,16,10,6,29
2234,2022-09-03,4.0,3,33,4,38,13,34
2233,2022-08-31,4.0,11,32,34,47,22,1
2232,2022-08-27,3.0,24,15,2,26,5,39
2231,2022-08-24,1.0,11,42,32,43,28,12
2230,2022-08-20,2.0,39,50,37,25,5,38
2229,2022-08-17,1.0,8,5,24,20,46,7
2228,2022-08-13,3.0,43,20,11,22,35,17
2227,2022-08-10,1.0,30,11,15,39,1,42
2226,2022-08-06,1.0,34,25,22,41,33,48
2225,2022-08-03,1.0,30,8,29,18,23,39
2224,2022-07-30,3.0,36,47,7,34,33,19
2223,2022-07-27,3.0,18,27,13,3,32,51
2222,2022-07-23,1.0,52,5,21,46,45,7
2221,2022-07-20,4.0,51,36,48,5,19,14
2220,2022-07-16,1.0,28,5,31,16,7,42
2219,2022-07-13,4.0,12,52,44,38,47,26
2218,2022-07-09,2.0,18,21,14,11,36,23
2217,2022-07-06,3.0,49,11,52,32,10,34
2216,2022-07-02,1.0,25,15,11,10,8,16
2215,2022-06-29,3.0,24,12,20,29,11,27
2214,2022-06-25,3.0,40,22,38,42,9,24
2213,2022-06-22,3.0,48,42,39,40,29,15
2212,2022-06-18,2.0,17,30,48,13,33,40
2211,2022-06-15,1.0,50,26,8,11,32,41
2210,2022-06-11,3.0,40,42,46,41,13,26
2209,2022-06-08,4.0,41,8,43,11,21,9
2208,2022-06-04,2.0,5,31,14,12,43,45
2207,2022-06-01,1.0,35,31,13,9,18,20
2206,2022-05-28,1.0,5,2,50,20,46,31
2205,2022-05-25,3.0,38,11,15,24,50,30
2204,2022-05-21,4.0,4,38,41,10,37,13
2203,2022-05-18,4.0,33,13,30,39,5,12
2202,2022-05-14,2.0,13,32,10,42,37,27
2201,2022-05-11,2.0,5,51,24,12,11,52
2200,2022-05-07,1.0,17,11,8,25,19,29
2199,2022-05-04,4.0,42,36,48,9,15,39
2198,2022-04-30,3.0,26,22,29,47,44,7
2197,2022-04-27,1.0,23,12,11,29,32,36
2196,2022-04-23,2.0,41,38,11,35,39,12
2195,2022-04-20,3.0,14,52,16,4,22,36
2194,2022-04-16,2.0,38,44,25,24,39,35
2193,2022-04-13,4.0,42,24,41,51,19,36
2192,2022-04-09,2.0,21,38,50,39,3,1
2191,2022-04-06,1.0,41,35,48,3,44,20
2190,2022-04-02,4.0,32,27,50,10,9,13
2189,2022-03-30,3.0,2,37,43,22,21,19
2188,2022-03-26,3.0,4,34,39,13,23,16
2187,2022-03-23,1.0,22,13,41,4,35,19
2186,2022-03-19,1.0,11,44,13,23,22,49
2185,2022-03-16,3.0,48,49,34,1,10,9
2184,2022-03-12,1.0,15,46,35,32,1,23
2183,2022-03-09,1.0,32,35,4,51,5,36
2182,2022-03-05,1.0,43,35,9,25,18,44
2181,2022-03-02,1.0,48,30,21,1,31,32
2180,2022-02-26,4.0,32,12,46,48,39,31
2179,2022-02-23,2.0,41,9,39,52,37,51
2178,2022-02-19,2.0,19,7,12,3,34,1
2177,2022-02-16,3.0,2,12,43,6,26,23
2176,2022-02-12,1.0,5,7,50,43,36,44
2175,2022-02-09,1.0,42,1,15,34,8,46
2174,2022-02-05,4.0,17,50,44,46,39,9
2173,2022-02-02,1.0,2,30,38,15,3,43
2172,2022-01-29,1.0,48,51,25,49,8,16
2171,2022-01-26,4.0,43,22,11,14,32,31
2170,2022-01-22,4.0,27,44,14,10,38,39
2169,2022-01-19,4.0,12,3,42,49,38,43
2168,2022-01-15,3.0,6,50,27,18,17,30
2167,2022-01-12,4.0,9,35,51,40,47,49
2166,2022-01-08,2.0,31,48,10,52,38,45
2165,2022-01-05,4.0,7,8,17,52,36,10
2164,2022-01-01,3.0,37,42,21,2,38,8
2163,2021-12-29,3.0,14,1,8,28,31,50
2162,2021-12-25,3.0,40,28,12,33,36,13
2161,2021-12-22,4.0,19,21,40,41,14,39
2160,2021-12-18,2.0,25,51,16,29,41,9
2159,2021-12-15,2.0,42,9,4,8,2,33
2158,2021-12-11,2.0,38,18,34,23,41,10
2157,2021-12-08,1.0,20,8,21,11,18,13
2156,2021-12-04,1.0,6,12,8,11,39,2
2155,2021-12-01,1.0,12,3,18,11,8,35
2154,2021-11-27,1.0,37,33,7,20,5,28
2153,2021-11-24,1.0,12,11,47,48,51,15
2152,2021-11-20,3.0,17,3,32,46,2,13
2151,2021-11-17,2.0,34,8,51,43,15,35
2150,2021-11-13,4.0,25,38,7,33,51,5
2149,2021-11-10,3.0,17,36,45,34,3,14
2148,2021-11-06,3.0,51,16,5,10,45,14
2147,2021-11-03,1.0,52,41,18,26,21,27
2146,2021-10-30,1.0,43,33,3,8,6,17
2145,2021-10-27,4.0,50,25,52,14,5,36
2144,2021-10-23,2.0,34,18,31,51,44,38
2143,2021-10-20,3.0,36,29,6,2,3,44
2142,2021-10-16,1.0,41,19,2,46,16,32
2141,2021-10-13,3.0,16,42,1,5,32,4
2140,2021-10-09,4.0,3,33,11,23,46,41
2139,2021-10-06,1.0,40,46,52,36,17,15
2138,2021-10-02,4.0,32,21,50,45,30,47
2137,2021-09-29,3.0,39,14,41,1,28,31
2136,2021-09-25,2.0,10,35,30,42,32,11
2135,2021-09-22,4.0,13,5,43,12,29,36
2134,2021-09-18,3.0,42,47,3,2,41,6
2133,2021-09-15,4.0,36,49,16,37,29,43
2132,2021-09-11,3.0,17,1,44,6,25,26
2131,2021-09-08,1.0,6,25,50,31,40,43
2130,2021-09-04,2.0,34,49,39,29,50,32
2129,2021-09-01,1.0,48,29,31,30,20,39
2128,2021-08-28,4.0,47,14,6,38,42,17
2127,2021-08-25,2.0,51,41,49,27,15,7
2126,2021-08-21,2.0,35,28,33,41,18,12
2125,2021-08-18,2.0,44,22,19,4,30,33
2124,2021-08-14,1.0,42,37,23,51,38,22
2123,2021-08-11,4.0,24,10,35,7,19,5
2122,2021-08-07,4.0,12,47,4,39,22,33
2121,2021-08-04,4.0,31,24,43,5,4,44
2120,2021-07-31,3.0,3,35,51,6,26,45
2119,2021-07-28,4.0,51,1,2,46,25,16
2118,2021-07-24,1.0,32,52,48,21,1,16
2117,2021-07-21,1.0,50,45,33,29,37,41
2116,2021-07-17,1.0,17,49,29,37,39,44
2115,2021-07-14,3.0,37,15,51,12,38,1
2114,2021-07-10,1.0,46,11,24,12,7,43
2113,2021-07-07,4.0,31,8,49,23,45,6
2112,2021-07-03,4.0,8,31,3,1,19,37
2111,2021-06-30,4.0,33,27,43,19,14,47
2110,2021-06-26,2.0,6,52,49,47,41,15
2109,2021-06-23,3.0,19,7,5,47,4,50
2108,2021-06-19,2.0,4,12,2,25,20,27
2107,2021-06-16,3.0,28,2,1,8,41,5
2106,2021-06-12,2.0,20,24,37,51,46,49
2105,2021-06-09,3.0,13,34,8,11,26,12
2104,2021-06-05,4.0,43,32,19,21,15,23
2103,2021-06-02,2.0,30,22,9,3,27,6
2102,2021-05-29,4.0,32,35,24,13,43,34
2101,2021-05-26,3.0,15,18,48,3,44,31
2100,2021-05-22,2.0,22,31,39,29,50,28
2099,2021-05-19,4.0,48,38,26,22,36,31
2098,2021-05-15,1.0,26,44,11,2,9,13
2097,2021-05-12,3.0,41,45,5,48,7,30
2096,2021-05-08,3.0,6,24,36,29,30,4
2095,2021-05-05,1.0,13,4,31,11,45,7
2094,2021-05-01,4.0,2,42,32,26,8,10
2093,2021-04-28,1.0,50,3,16,22,45,41
2092,2021-04-24,1.0,48,7,9,12,2,17
2091,2021-04-21,1.0,11,48,21,15,47,42
2090,2021-04-17,4.0,50,51,7,15,34,1
2089,2021-04-14,4.0,1,19,38,44,34,15
2088,2021-04-10,3.0,5,52,20,23,24,46
2087,2021-04-07,1.0,15,26,11,50,24,2
2086,2021-04-03,3.0,30,38,52,48,20,31
2085,2021-03-31,2.0,22,31,52,33,9,41
2084,2021-03-27,3.0,42,4,5,21,17,15
2083,2021-03-24,2.0,28,6,23,34,52,16
2082,2021-03-20,3.0,1,20,33,18,4,23
2081,2021-03-17,1.0,12,40,7,51,41,47
2080,2021-03-13,4.0,10,6,17,46,31,37
2079,2021-03-10,4.0,9,44,42,34,31,36
2078,2021-03-06,4.0,19,38,24,46,5,34
2077,2021-03-03,2.0,32,24,33,13,22,30
2076,2021-02-27,3.0,35,14,22,44,10,33
2075,2021-02-24,1.0,15,12,31,20,3,36
2074,2021-02-20,2.0,47,23,16,9,35,14
2073,2021-02-17,2.0,14,10,27,21,33,16
2072,2021-02-13,2.0,49,22,6,14,52,50
2071,2021-02-10,1.0,9,51,14,16,15,31
2070,2021-02-06,3.0,44,52,29,34,25,37
2069,2021-02-03,3.0,5,3,49,46,33,52
2068,2021-01-30,2.0,10,32,3,1,25,34
2067,2021-01-27,2.0,18,10,2,12,13,32
2066,2021-01-23,3.0,41,3,40,44,39,42
2065,2021-01-20,1.0,5,17,27,25,30,8
2064,2021-01-16,4.0,48,29,8,39,7,24
2063,2021-01-13,4.0,25,15,26,9,28,44
2062,2021-01-09,4.0,40,37,11,44,51,41
2061,2021-01-06,3.0,25,28,18,17,3,33
2060,2021-01-02,3.0,6,13,22,27,23,31
2059,2020-12-30,2.0,10,34,39,38,26,7
2058,2020-12-26,1.0,49,23,46,52,6,9
2057,2020-12-23,2.0,42,36,43,27,49,23
2056,2020-12-19,3.0,24,25,17,40,52,11
2055,2020-12-16,4.0,49,16,2,22,52,32
2054,2020-12-12,4.0,28,26,50,35,31,12
2053,2020-12-09,2.0,52,21,40,25,1,18
2052,2020-12-05,1.0,23,22,3,34,44,33
2051,2020-12-02,1.0,9,51,4,50,52,31
2050,2020-11-28,4.0,22,37,16,11,29,20
2049,2020-11-25,1.0,34,24,6,43,29,27
2048,2020-11-21,3.0,38,33,14,39,20,32
2047,2020-11-18,2.0,47,20,6,34,3,13
2046,2020-11-14,3.0,24,27,12,18,2,35
2045,2020-11-11,2.0,22,47,46,4,45,20
2044,2020-11-07,4.0,37,8,10,5,48,25
2043,2020-11-04,2.0,43,13,27,26,6,28
2042,2020-10-31,2.0,32,5,26,45,18,41
2041,2020-10-28,2.0,40,25,27,8,43,24
2040,2020-10-24,3.0,43,40,3,6,32,51
2039,2020-10-21,2.0,21,47,22,16,33,44
2038,2020-10-17,2.0,3,14,6,10,42,26
2037,2020-10-14,2.0,19,22,46,8,27,14
2036,2020-10-10,4.0,43,13,40,22,5,50
2035,2020-10-07,1.0,3,12,29,9,7,23
2034,2020-10-03,1.0,7,6,44,17,1,38
2033,2020-09-30,1.0,44,20,28,42,52,46
2032,2020-09-26,4.0,29,13,24,11,17,37
2031,2020-09-23,4.0,44,9,17,36,42,31
2030,2020-09-19,1.0,46,1,9,44,12,18
2029,2020-09-16,1.0,40,27,28,50,43,20
2028,2020-09-12,2.0,40,28,24,13,3,25
2027,2020-09-09,1.0,38,23,6,17,10,33
2026,2020-09-05,3.0,1,51,22,45,24,49
2025,2020-09-02,3.0,50,27,14,22,9,43
2024,2020-08-29,2.0,10,33,35,48,32,17
2023,2020-08-26,2.0,52,34,17,29,31,45
2022,2020-08-22,3.0,52,38,6,40,9,50
2021,2020-08-19,2.0,28,29,35,43,7,38
2020,2020-08-15,1.0,2,20,37,7,42,40
2019,2020-08-12,3.0,31,42,49,25,47,40
2018,2020-08-08,3.0,13,44,5,22,9,27
2017,2020-08-05,1.0,28,51,30,32,20,47
2016,2020-08-01,4.0,11,28,49,8,2,29
2015,2020-07-29,4.0,10,50,4,25,38,20
2014,2020-07-25,1.0,28,46,48,49,25,2
2013,2020-07-22,2.0,29,37,6,21,16,46
2012,2020-07-18,1.0,47,39,8,32,16,34
2011,2020-07-15,2.0,21,45,20,11,17,51
2010,2020-07-11,3.0,50,14,21,37,27,44
2009,2020-07-08,2.0,14,51,18,2,10,9
2008,2020-07-04,3.0,28,25,24,22,15,46
2007,2020-07-01,3.0,33,25,27,49,48,39
2006,2020-06-27,4.0,48,44,10,35,4,21
2005,2020-06-24,2.0,46,23,37,11,36,28
2004,2020-06-20,3.0,4,11,15,18,34,44
2003,2020-06-17,3.0,10,33,11,35,42,39
2002,2020-06-13,4.0,10,22,4,33,13,30
2001,2020-06-10,1.0,21,31,18,14,38,50
2000,2020-06-06,4.0,25,28,3,27,8,23
1999,2020-06-03,1.0,11,1,2,52,10,27
1998,2020-05-30,1.0,6,7,11,14,43,19
1997,2020-05-27,4.0,4,15,16,50,43,5
1996,2020-05-23,3.0,40,27,33,17,4,10
1995,2020-05-20,2.0,4,27,37,5,3,7
1994,2020-05-16,1.0,29,50,41,10,3,21
1993,2020-05-13,2.0,33,27,23,35,42,24
1992,2020-05-09,3.0,44,40,9,35,16,24
1991,2020-05-06,2.0,5,15,39,33,4,25
1990,2020-05-02,1.0,37,38,42,12,31,27
1989,2020-04-29,2.0,33,39,50,8,42,37
1988,2020-04-25,3.0,48,5,8,34,43,7
1987,2020-04-22,1.0,15,20,9,49,47,18
1986,2020-04-18,3.0,12,31,26,52,20,38
1985,2020-04-15,1.0,38,45,14,4,26,12
1984,2020-04-11,4.0,35,12,44,1,40,39
1983,2020-04-08,3.0,13,38,20,11,22,14
1982,2020-04-04,4.0,29,25,9,51,42,32
1981,2020-04-01,2.0,30,12,47,36,7,27
1980,2020-03-28,2.0,20,48,18,11,52,49
1979,2020-03-25,3.0,27,24,2,36,37,40
1978,2020-03-21,3.0,31,27,33,15,1,44
1977,2020-03-18,3.0,2,7,10,42,19,17
1976,2020-03-14,3.0,47,14,29,22,36,7
1975,2020-03-11,1.0,52,39,43,25,49,41
1974,2020-03-07,1.0,23,50,47,30,3,35
1973,2020-03-04,3.0,12,32,8,44,49,23
1972,2020-02-29,2.0,31,49,44,45,12,6
1971,2020-02-26,3.0,36,9,18,51,25,27
1970,2020-02-22,4.0,7,48,34,13,52,45
1969,2020-02-19,1.0,46,5,16,36,19,17
1968,2020-02-15,3.0,43,32,52,33,30,36
1967,2020-02-12,1.0,16,43,10,18,19,4
1966,2020-02-08,3.0,8,17,29,44,33,10
1965,2020-02-05,4.0,48,3,44,29,43,34
1964,2020-02-01,3.0,2,30,39,25,42,21
1963,2020-01-29,1.0,13,5,29,48,18,11
1962,2020-01-25,2.0,14,33,17,46,4,29
1961,2020-01-22,4.0,44,26,13,49,7,24
1960,2020-01-18,4.0,38,4,22,49,24,37
1959,2020-01-15,3.0,42,24,13,41,2,36
1958,2020-01-11,1.0,41,22,3,48,34,37
1957,2020-01-08,1.0,16,37,49,21,25,44
1956,2020-01-04,4.0,4,10,13,43,46,14
1955,2020-01-01,1.0,8,11,30,41,1,46
1954,2019-12-28,1.0,23,12,25,35,44,38
1953,2019-12-25,4.0,38,34,27,44,35,16
1952,2019-12-21,4.0,12,49,35,19,10,48
1951,2019-12-18,3.0,50,4,18,21,16,10
1950,2019-12-14,1.0,13,20,33,24,52,48
1949,2019-12-11,4.0,28,49,24,4,17,26
1948,2019-12-07,4.0,37,8,7,18,40,30
1947,2019-12-04,3.0,31,46,8,32,44,2
1946,2019-11-30,1.0,16,35,13,32,24,27
1945,2019-11-27,1.0,33,1,26,7,42,49
1944,2019-11-23,2.0,33,18,14,8,5,4
1943,2019-11-20,2.0,40,44,45,32,18,50
1942,2019-11-16,4.0,8,7,51,19,16,2
1941,2019-11-13,2.0,13,43,41,22,18,9
1940,2019-11-09,2.0,30,1,35,52,9,43
1939,2019-11-06,2.0,36,17,8,28,27,19
1938,2019-11-02,2.0,32,2,38,13,43,23
1937,2019-10-30,4.0,10,36,23,12,16,6
1936,2019-10-26,2.0,16,11,12,31,30,23
1935,2019-10-23,2.0,5,27,14,50,41,33
1934,2019-10-19,2.0,33,4,1,50,45,28
1933,2019-10-16,3.0,18,17,10,1,41,49
1932,2019-10-12,3.0,35,30,38,50,19,27
1931,2019-10-09,2.0,16,34,3,40,36,7
1930,2019-10-05,1.0,29,25,49,43,1,26
1929,2019-10-02,3.0,13,10,51,5,19,44
1928,2019-09-28,4.0,41,23,50,11,35,37
1927,2019-09-25,4.0,10,17,37,3,14,29
1926,2019-09-21,3.0,30,5,28,10,16,38
1925,2019-09-18,2.0,46,42,15,44,37,31
1924,2019-09-14,1.0,29,52,5,47,37,43
1923,2019-09-11,4.0,48,44,16,2,12,17
1922,2019-09-07,3.0,13,22,46,33,10,45
1921,2019-09-04,3.0,25,27,11,10,5,31
1920,2019-08-31,3.0,37,19,48,12,42,23
1919,2019-08-28,2.0,36,51,6,17,48,44
1918,2019-08-24,2.0,46,20,42,23,48,25
1917,2019-08-21,2.0,12,33,39,21,8,29
1916,2019-08-17,2.0,48,52,49,4,16,9
1915,2019-08-14,1.0,10,31,48,50,27,49
1914,2019-08-10,2.0,37,49,48,11,28,20
1913,2019-08-07,3.0,50,34,51,33,14,20
1912,2019-08-03,2.0,31,52,25,32,40,48
1911,2019-07-31,3.0,52,15,17,6,37,44
1910,2019-07-27,1.0,10,17,37,26,31,39
1909,2019-07-24,4.0,11,1,12,41,16,13
1908,2019-07-20,2.0,2,26,30,14,39,35
1907,2019-07-17,4.0,49,15,2,31,9,36
1906,2019-07-13,4.0,16,45,41,19,11,47
1905,2019-07-10,1.0,16,36,1,33,12,15
1904,2019-07-06,4.0,32,28,13,24,26,30
1903,2019-07-03,4.0,8,13,49,25,42,28
1902,2019-06-29,4.0,12,43,39,14,45,21
1901,2019-06-26,4.0,44,8,22,4,49,35
1900,2019-06-22,3.0,15,36,52,20,17,37
1899,2019-06-19,2.0,42,10,41,5,28,40
1898,2019-06-15,1.0,42,34,51,13,50,48
1897,2019-06-12,3.0,16,7,22,21,46,43
1896,2019-06-08,2.0,38,45,51,9,37,30
1895,2019-06-05,1.0,42,24,1,38,30,32
1894,2019-06-01,1.0,35,2,30,43,32,18
1893,2019-05-29,1.0,27,50,21,20,49,36
1892,2019-05-25,3.0,19,33,29,10,39,18
1891,2019-05-22,1.0,50,33,11,38,35,13
1890,2019-05-18,3.0,1,36,15,33,6,51
1889,2019-05-15,3.0,52,23,24,49,8,1
1888,2019-05-11,4.0,3,25,32,30,6,10
1887,2019-05-08,2.0,34,5,4,9,27,32
1886,2019-05-04,2.0,4,8,31,2,46,16
1885,2019-05-01,3.0,50,18,43,15,49,2
1884,2019-04-27,3.0,10,44,28,17,38,11
1883,2019-04-24,2.0,15,4,29,14,35,47
1882,2019-04-20,4.0,30,26,22,21,47,40
1881,2019-04-17,3.0,41,42,19,47,16,24
1880,2019-04-13,4.0,45,20,3,27,44,18
1879,2019-04-10,1.0,27,43,21,36,24,14
1878,2019-04-06,4.0,21,33,46,48,23,1
1877,2019-04-03,3.0,28,43,21,30,35,19
1876,2019-03-30,2.0,12,3,39,9,24,46
1875,2019-03-27,4.0,18,6,17,21,16,34
1874,2019-03-23,2.0,34,42,6,29,45,37
1873,2019-03-20,4.0,43,42,39,46,25,12
1872,2019-03-16,3.0,36,52,5,17,25,51
1871,2019-03-13,2.0,1,40,17,43,27,15
1870,2019-03-09,3.0,36,46,2,16,31,20
1869,2019-03-06,3.0,47,22,7,13,12,20
1868,2019-03-02,3.0,9,39,14,10,29,31
1867,2019-02-27,2.0,5,13,29,10,24,2
1866,2019-02-23,4.0,43,46,14,25,13,16
1865,2019-02-20,4.0,39,33,49,38,19,36
1864,2019-02-16,4.0,8,22,30,25,48,52
1863,2019-02-13,3.0,4,35,42,49,34,46
1862,2019-02-09,1.0,34,29,46,7,25,22
1861,2019-02-06,4.0,26,43,17,3,38,21
1860,2019-02-02,3.0,14,12,18,15,52,25
1859,2019-01-30,3.0,41,28,34,25,17,16
1858,2019-01-26,4.0,10,3,29,2,35,15
1857,2019-01-23,2.0,43,21,40,49,30,13
1856,2019-01-19,1.0,38,35,3,7,42,44
1855,2019-01-16,4.0,19,23,32,24,27,37
1854,2019-01-12,4.0,39,24,31,11,45,34
1853,2019-01-09,1.0,31,51,30,38,8,1
1852,2019-01-05,2.0,6,14,50,20,25,19
1851,2019-01-02,1.0,27,21,29,52,48,46
1850,2018-12-29,4.0,29,1,43,34,3,13
1849,2018-12-26,4.0,20,25,43,10,1,8
1848,2018-12-22,3.0,50,44,3,6,31,17
1847,2018-12-19,3.0,50,38,1,14,27,51
1846,2018-12-15,2.0,43,38,31,46,16,11
1845,2018-12-12,2.0,26,27,14,37,10,11
1844,2018-12-08,2.0,11,44,2,14,10,15
1843,2018-12-05,4.0,12,38,4,23,29,22
1842,2018-12-01,1.0,9,5,21,22,47,33
1841,2018-11-28,2.0,39,11,28,22,7,33
1840,2018-11-24,3.0,19,25,1,29,50,34
1839,2018-11-21,3.0,32,46,42,2,48,8
1838,2018-11-17,3.0,22,43,28,47,48,7
1837,2018-11-14,4.0,31,52,50,35,22,33
1836,2018-11-10,1.0,12,22,3,42,1,46
1835,2018-11-07,1.0,2,40,12,18,47,27
1834,2018-11-03,4.0,34,3,4,36,12,43
1833,2018-10-31,2.0,15,19,39,28,46,12
1832,2018-10-27,1.0,7,15,2,34,26,41
1831,2018-10-24,1.0,47,31,52,35,42,43
1830,2018-10-20,3.0,26,24,45,25,42,21
1829,2018-10-17,3.0,26,38,22,12,11,35
1828,2018-10-13,1.0,41,1,50,9,39,45
1827,2018-10-10,1.0,29,49,26,39,45,47
1826,2018-10-06,4.0,6,34,52,30,19,45
1825,2018-10-03,2.0,10,2,16,45,36,46
1824,2018-09-29,2.0,11,47,9,2,24,18
1823,2018-09-26,4.0,48,42,46,33,28,24
1822,2018-09-22,2.0,37,35,31,5,44,45
1821,2018-09-19,1.0,36,8,18,21,29,20
1820,2018-09-15,4.0,5,47,18,15,48,8
1819,2018-09-12,2.0,47,18,48,26,42,49
1818,2018-09-08,2.0,20,38,7,21,49,12
1817,2018-09-05,2.0,36,50,17,19,38,27
1816,2018-09-01,1.0,21,40,31,1,52,9
1815,2018-08-29,2.0,23,51,43,21,30,7
1814,2018-08-25,1.0,47,14,41,35,38,3
1813,2018-08-22,3.0,3,13,43,24,11,32
1812,2018-08-18,1.0,41,10,40,22,15,1
1811,2018-08-15,2.0,47,21,27,51,7,42
1810,2018-08-11,1.0,2,22,6,21,37,40
1809,2018-08-08,2.0,16,29,15,44,22,18
1808,2018-08-04,2.0,13,47,50,1,21,39
1807,2018-08-01,2.0,28,23,47,50,31,12
1806,2018-07-28,4.0,38,2,14,41,20,52
1805,2018-07-25,3.0,12,43,29,17,52,13
1804,2018-07-21,1.0,5,37,48,21,6,3
1803,2018-07-18,1.0,27,48,24,17,19,9
1802,2018-07-14,3.0,38,50,42,12,51,3
1801,2018-07-11,4.0,11,49,2,8,47,5
1800,2018-07-07,1.0,20,48,52,42,49,13
1799,2018-07-04,4.0,13,41,36,44,24,52
1798,2018-06-30,4.0,7,10,37,31,48,1
1797,2018-06-27,4.0,16,28,50,51,20,40
1796,2018-06-23,1.0,28,44,33,24,52,4
1795,2018-06-20,1.0,6,17,41,18,45,23
1794,2018-06-16,2.0,12,35,11,39,4,8
1793,2018-06-13,4.0,3,32,28,27,51,25
1792,2018-06-09,1.0,9,47,32,8,17,48
1791,2018-06-06,2.0,2,33,21,17,18,49
1790,2018-06-02,1.0,45,39,3,36,28,48
1789,2018-05-30,4.0,39,2,10,14,17,3
1788,2018-05-26,3.0,21,17,15,10,23,5
1787,2018-05-23,2.0,6,39,32,46,23,36
1786,2018-05-19,2.0,4,2,43,47,49,50
1785,2018-05-16,3.0,29,50,21,5,31,49
1784,2018-05-12,4.0,25,1,6,38,2,5
1783,2018-05-09,2.0,40,6,9,26,11,50
1782,2018-05-05,3.0,50,11,17,23,40,14
1781,2018-05-02,1.0,6,13,43,42,23,52
1780,2018-04-28,2.0,51,17,43,24,50,7
1779,2018-04-25,3.0,40,5,20,31,1,13
1778,2018-04-21,1.0,27,29,32,5,8,10
1777,2018-04-18,3.0,3,47,4,20,13,28
1776,2018-04-14,3.0,28,11,48,23,10,17
1775,2018-04-11,4.0,34,38,5,32,8,6
1774,2018-04-07,1.0,25,42,15,6,18,21
1773,2018-04-04,2.0,39,11,51,25,15,8
1772,2018-03-31,1.0,10,6,9,1,48,33
1771,2018-03-28,1.0,32,5,27,52,33,7
1770,2018-03-24,1.0,48,46,47,19,14,50
1769,2018-03-21,3.0,51,23,50,39,6,5
1768,2018-03-17,4.0,48,4,1,34,46,13
1767,2018-03-14,3.0,34,32,33,30,2,25
1766,2018-03-10,3.0,15,22,14,39,25,17
1765,2018-03-07,3.0,31,47,24,14,5,18
1764,2018-03-03,4.0,40,44,2,14,6,15
1763,2018-02-28,4.0,5,39,21,52,35,24
1762,2018-02-24,4.0,37,9,35,18,7,27
1761,2018-02-21,4.0,51,48,38,3,42,22
1760,2018-02-17,3.0,20,3,26,24,22,42
1759,2018-02-14,1.0,27,50,9,4,7,17
1758,2018-02-10,4.0,34,1,16,17,9,31
1757,2018-02-07,3.0,22,12,6,51,3,43
1756,2018-02-03,1.0,8,43,4,29,48,24
1755,2018-01-31,3.0,7,26,27,16,1,5
1754,2018-01-27,2.0,6,18,32,22,5,10
1753,2018-01-24,1.0,2,42,31,34,39,41
1752,2018-01-20,1.0,26,9,20,39,31,33
1751,2018-01-17,1.0,49,4,32,1,19,24
1750,2018-01-13,3.0,25,30,7,34,3,19
1749,2018-01-10,4.0,19,6,12,36,49,52
1748,2018-01-06,2.0,9,30,13,23,24,42
1747,2018-01-03,1.0,7,37,23,32,22,8
1746,2017-12-30,1.0,6,37,20,5,34,18
1745,2017-12-27,1.0,1,27,3,6,44,5
1744,2017-12-23,1.0,27,29,9,36,4,47
1743,2017-12-20,2.0,42,27,48,22,4,32
1742,2017-12-16,1.0,3,43,10,16,12,18
1741,2017-12-13,2.0,39,34,26,32,21,44
1740,2017-12-09,1.0,33,28,15,44,9,50
1739,2017-12-06,2.0,38,25,48,46,42,50
1738,2017-12-02,3.0,44,37,5,16,31,10
1737,2017-11-29,1.0,18,24,29,34,8,13
1736,2017-11-25,1.0,41,49,7,44,34,8
1735,2017-11-22,1.0,21,35,9,19,1,5
1734,2017-11-18,2.0,42,44,2,12,28,40
1733,2017-11-15,2.0,30,18,28,25,4,15
1732,2017-11-11,1.0,22,21,36,25,46,8
1731,2017-11-08,4.0,50,42,7,22,28,45
1730,2017-11-04,3.0,9,21,48,19,45,3
1729,2017-11-01,2.0,18,51,46,48,15,39
1728,2017-10-28,1.0,24,5,37,17,44,27
1727,2017-10-25,1.0,25,11,14,33,24,17
1726,2017-10-21,1.0,49,37,41,11,17,22
1725,2017-10-18,3.0,43,20,13,29,5,11
1724,2017-10-14,3.0,8,48,7,32,42,28
1723,2017-10-11,2.0,37,15,32,29,9,38
1722,2017-10-07,2.0,30,34,35,21,37,52
1721,2017-10-04,2.0,40,51,9,21,2,14
1720,2017-09-30,3.0,30,33,10,23,25,51
1719,2017-09-27,3.0,2,19,13,22,4,36
1718,2017-09-23,1.0,50,13,15,29,23,48
1717,2017-09-20,4.0,51,14,4,47,12,9
1716,2017-09-16,2.0,13,44,16,42,39,17
1715,2017-09-13,3.0,18,2,14,46,1,37
1714,2017-09-09,4.0,41,10,29,40,11,1
1713,2017-09-06,3.0,11,33,3,37,44,26
1712,2017-09-02,2.0,39,50,33,49,48,30
1711,2017-08-30,3.0,38,21,26,27,11,19
1710,2017-08-26,1.0,6,34,10,22,41,23
1709,2017-08-23,1.0,1,32,23,11,31,24
1708,2017-08-19,1.0,18,50,6,22,19,31
1707,2017-08-16,2.0,33,3,42,9,37,51
1706,2017-08-12,3.0,19,49,22,40,36,17
1705,2017-08-09,1.0,22,39,15,50,19,18
1704,2017-08-05,1.0,4,30,45,11,50,38
1703,2017-08-02,2.0,19,8,38,35,43,33
1702,2017-07-29,3.0,34,50,19,9,33,41
1701,2017-07-26,1.0,19,15,16,32,25,6
1700,2017-07-22,2.0,30,37,45,35,3,13
1699,2017-07-19,3.0,42,22,12,25,21,45
1698,2017-07-15,3.0,11,49,3,12,42,52
1697,2017-07-12,4.0,43,25,7,29,13,42
1696,2017-07-08,1.0,15,49,23,45,22,17
1695,2017-07-05,2.0,35,1,48,8,16,42
1694,2017-07-01,2.0,23,30,9,49,27,12
1693,2017-06-28,2.0,18,43,17,27,7,52
1692,2017-06-24,1.0,3,36,23,19,20,18
1691,2017-06-21,3.0,25,12,23,16,15,30
1690,2017-06-17,4.0,51,5,12,36,10,42
1689,2017-06-14,4.0,32,50,14,19,20,44
1688,2017-06-10,4.0,32,52,46,34,21,33
1687,2017-06-07,4.0,23,28,36,21,11,1
1686,2017-06-03,3.0,31,42,5,23,15,19
1685,2017-05-31,3.0,10,2,35,8,16,45
1684,2017-05-27,2.0,20,11,44,3,40,31
1683,2017-05-24,1.0,35,39,25,51,50,48
1682,2017-05-20,1.0,5,14,9,41,16,19
1681,2017-05-17,2.0,23,24,10,14,45,26
1680,2017-05-13,2.0,15,10,34,7,17,45
1679,2017-05-10,2.0,18,41,2,3,16,26
1678,2017-05-06,4.0,36,35,39,32,7,31
1677,2017-05-03,3.0,45,14,31,20,19,44
1676,2017-04-29,4.0,36,45,27,34,25,19
1675,2017-04-26,1.0,25,36,3,14,4,48
1674,2017-04-22,3.0,41,39,15,23,9,27
1673,2017-04-19,2.0,45,24,49,29,40,2
1672,2017-04-15,1.0,16,8,24,49,10,48
1671,2017-04-12,2.0,28,26,6,13,9,23
1670,2017-04-08,1.0,50,33,23,28,51,17
1669,2017-04-05,4.0,51,35,38,24,21,8
1668,2017-04-01,4.0,24,45,42,16,46,8
1667,2017-03-29,3.0,28,47,33,35,15,37
1666,2017-03-25,2.0,20,45,50,38,21,36
1665,2017-03-22,3.0,46,2,5,13,1,9
1664,2017-03-18,4.0,23,36,24,44,47,20
1663,2017-03-15,2.0,27,21,32,23,52,3
1662,2017-03-11,2.0,39,18,2,10,15,31
1661,2017-03-08,4.0,40,26,31,34,11,6
1660,2017-03-04,2.0,50,27,48,33,21,2
1659,2017-03-01,2.0,48,44,9,2,5,17
1658,2017-02-25,4.0,39,14,49,20,35,25
1657,2017-02-22,1.0,44,7,50,33,39,30
1656,2017-02-18,4.0,26,37,39,14,47,50
1655,2017-02-15,4.0,5,47,35,26,52,42
1654,2017-02-11,1.0,24,31,44,42,19,7
1653,2017-02-08,3.0,47,31,15,10,19,12
1652,2017-02-04,2.0,42,7,35,32,20,3
1651,2017-02-01,1.0,43,47,44,29,23,14
1650,2017-01-28,1.0,26,29,36,18,12,30
1649,2017-01-25,4.0,26,30,24,4,41,32
1648,2017-01-21,3.0,27,10,41,47,33,16
1647,2017-01-18,3.0,44,29,17,45,13,31
1646,2017-01-14,4.0,36,24,33,47,48,21
1645,2017-01-11,3.0,21,52,3,16,33,41
1644,2017-01-07,3.0,7,19,1,30,42,11
1643,2017-01-04,3.0,4,5,39,37,47,7
1642,2016-12-31,4.0,40,44,39,51,18,33
1641,2016-12-28,4.0,35,51,6,40,34,48
1640,2016-12-24,1.0,46,24,44,5,11,23
1639,2016-12-21,4.0,18,37,46,33,19,2
1638,2016-12-17,1.0,2,30,15,26,43,34
1637,2016-12-14,1.0,12,9,13,35,5,52
1636,2016-12-10,3.0,27,16,8,39,50,13
1635,2016-12-07,2.0,25,23,11,26,28,29
1634,2016-12-03,3.0,48,46,9,14,30,11
1633,2016-11-30,3.0,24,36,28,13,17,1
1632,2016-11-26,4.0,31,35,44,20,37,19
1631,2016-11-23,3.0,40,39,12,20,41,48
1630,2016-11-19,1.0,15,52,28,18,29,46
1629,2016-11-16,1.0,17,9,36,11,51,24
1628,2016-11-12,4.0,21,46,31,14,15,25
1627,2016-11-09,2.0,35,11,5,22,3,20
1626,2016-11-05,4.0,52,8,27,1,3,26
1625,2016-11-02,4.0,40,16,36,24,32,28
1624,2016-10-29,4.0,44,48,45,7,46,47
1623,2016-10-26,3.0,29,47,11,46,42,14
1622,2016-10-22,1.0,41,10,33,17,6,39
1621,2016-10-19,3.0,35,10,42,20,16,44
1620,2016-10-15,4.0,8,5,16,18,44,39
1619,2016-10-12,1.0,15,29,40,23,43,9
1618,2016-10-08,1.0,36,26,22,1,4,12
1617,2016-10-05,4.0,27,34,17,23,48,19
1616,2016-10-01,1.0,6,15,33,38,17,7
1615,2016-09-28,1.0,18,37,26,9,3,39
1614,2016-09-24,4.0,18,40,24,37,38,20
1613,2016-09-21,4.0,17,40,38,20,25,8
1612,2016-09-17,2.0,38,32,48,31,51,3
1611,2016-09-14,2.0,41,25,21,12,22,18
1610,2016-09-10,3.0,26,51,18,30,8,23
1609,2016-09-07,4.0,14,39,1,28,21,34
1608,2016-09-03,4.0,12,45,42,48,30,33
1607,2016-08-31,2.0,36,33,40,13,20,26
1606,2016-08-27,4.0,30,26,13,14,50,11
1605,2016-08-24,4.0,4,33,34,46,38,23
1604,2016-08-20,1.0,45,7,5,11,47,8
1603,2016-08-17,1.0,23,17,5,46,42,3
1602,2016-08-13,3.0,35,21,10,45,34,43
1601,2016-08-10,3.0,25,22,2,40,50,37
1600,2016-08-06,1.0,25,47,26,3,34,51
1599,2016-08-03,3.0,3,20,24,45,4,48
1598,2016-07-30,3.0,2,9,31,30,47,50
1597,2016-07-27,3.0,21,24,50,13,22,42
1596,2016-07-23,1.0,39,14,16,5,23,46
1595,2016-07-20,1.0,34,36,5,30,14,6
1594,2016-07-16,3.0,21,13,40,25,20,38
1593,2016-07-13,1.0,30,23,3,52,27,41
1592,2016-07-09,2.0,18,23,19,50,32,17
1591,2016-07-06,2.0,6,16,1,32,21,50
1590,2016-07-02,2.0,27,36,37,52,29,46
1589,2016-06-29,3.0,4,25,5,48,18,34
1588,2016-06-25,3.0,32,29,3,30,18,16
1587,2016-06-22,2.0,34,28,49,17,19,14
1586,2016-06-18,2.0,52,48,41,19,43,50
1585,2016-06-15,4.0,38,12,40,30,13,26
1584,2016-06-11,2.0,38,6,37,5,49,33
1583,2016-06-08,3.0,2,3,21,14,8,6
1582,2016-06-04,2.0,34,1,4,9,23,16
1581,2016-06-01,4.0,1,20,27,18,44,25
1580,2016-05-28,4.0,41,49,14,21,19,46
1579,2016-05-25,4.0,12,5,18,16,50,6
1578,2016-05-21,3.0,6,34,28,52,29,46
1577,2016-05-18,4.0,27,6,3,34,32,9
1576,2016-05-14,3.0,15,19,4,11,24,35
1575,2016-05-11,3.0,34,33,15,45,26,38
1574,2016-05-07,2.0,15,49,32,12,3,23
1573,2016-05-04,1.0,4,44,7,8,24,41
1572,2016-04-30,1.0,40,52,29,39,3,20
1571,2016-04-27,1.0,15,3,23,19,26,36
1570,2016-04-23,3.0,41,43,46,15,3,23
1569,2016-04-20,3.0,8,17,3,33,4,41
1568,2016-04-16,2.0,39,19,8,13,29,47
1567,2016-04-13,2.0,33,8,19,30,35,44
1566,2016-04-09,3.0,51,20,7,47,39,41
1565,2016-04-06,2.0,13,48,47,2,20,31
1564,2016-04-02,2.0,13,40,24,7,18,43
1563,2016-03-30,1.0,20,52,5,13,24,43
1562,2016-03-26,1.0,32,31,49,27,44,50
1561,2016-03-23,4.0,34,3,51,20,14,44
1560,2016-03-19,2.0,42,28,31,13,11,30
1559,2016-03-16,4.0,17,22,45,36,30,7
1558,2016-03-12,4.0,11,10,21,49,18,38
1557,2016-03-09,2.0,21,43,20,23,49,19
1556,2016-03-05,3.0,21,26,6,14,22,35
1555,2016-03-02,3.0,16,22,35,44,27,49
1554,2016-02-27,4.0,29,50,11,52,39,2
1553,2016-02-24,4.0,50,47,1,36,3,48
1552,2016-02-20,3.0,27,22,13,11,15,23
1551,2016-02-17,1.0,51,22,30,9,12,21
1550,2016-02-13,2.0,21,17,15,47,16,49
1549,2016-02-10,4.0,28,11,43,23,13,22
1548,2016-02-06,1.0,14,28,9,35,44,1
1547,2016-02-03,4.0,1,3,52,4,8,27
1546,2016-01-30,3.0,34,29,49,35,51,50
1545,2016-01-27,1.0,17,33,38,31,27,44
1544,2016-01-23,4.0,22,15,25,3,21,33
1543,2016-01-20,3.0,28,22,25,6,1,10
1542,2016-01-16,2.0,23,49,32,25,17,39
1541,2016-01-13,2.0,30,48,23,42,19,12
1540,2016-01-09,3.0,13,48,25,18,30,10
1539,2016-01-06,2.0,13,15,45,8,43,1
1538,2016-01-02,1.0,43,35,26,23,13,52
1537,2015-12-30,1.0,26,44,13,7,19,36
1536,2015-12-26,3.0,34,47,40,52,29,15
1535,2015-12-23,3.0,31,16,19,14,29,42
1534,2015-12-19,3.0,25,29,46,38,33,40
1533,2015-12-16,4.0,34,14,22,20,4,6
1532,2015-12-12,1.0,42,40,30,13,9,45
1531,2015-12-09,3.0,30,25,7,46,9,44
1530,2015-12-05,3.0,26,51,33,30,28,35
1529,2015-12-02,3.0,43,32,46,39,30,14
1528,2015-11-28,2.0,12,29,44,6,21,10
1527,2015-11-25,2.0,48,8,21,49,25,22
1526,2015-11-21,1.0,23,19,22,8,15,12
1525,2015-11-18,3.0,41,42,32,26,8,5
1524,2015-11-14,4.0,6,25,5,22,4,33
1523,2015-11-11,3.0,12,38,13,16,51,42
1522,2015-11-07,2.0,30,31,38,28,17,24
1521,2015-11-04,2.0,13,44,23,52,33,38
1520,2015-10-31,3.0,21,19,9,37,51,29
1519,2015-10-28,1.0,11,25,51,9,46,13
1518,2015-10-24,2.0,1,30,33,4,36,9
1517,2015-10-21,1.0,13,37,33,3,12,20
1516,2015-10-17,2.0,18,5,35,42,4,29
1515,2015-10-14,2.0,50,33,2,5,6,23
1514,2015-10-10,1.0,33,13,47,41,30,38
1513,2015-10-07,3.0,36,1,24,30,19,33
1512,2015-10-03,3.0,38,28,27,26,51,29
1511,2015-09-30,2.0,27,23,14,24,13,28
1510,2015-09-26,4.0,10,44,19,29,40,33
1509,2015-09-23,3.0,50,46,25,1,44,22
1508,2015-09-19,1.0,13,21,35,45,51,41
1507,2015-09-16,4.0,30,51,32,24,4,47
1506,2015-09-12,3.0,47,4,8,36,51,40
1505,2015-09-09,2.0,47,34,13,39,30,14
1504,2015-09-05,4.0,45,17,8,35,12,23
1503,2015-09-02,4.0,32,1,22,49,44,50
1502,2015-08-29,4.0,13,36,39,17,10,5
1501,2015-08-26,3.0,29,38,32,12,10,13
1500,2015-08-22,2.0,39,48,52,10,14,17
1499,2015-08-19,3.0,28,48,7,24,21,45
1498,2015-08-15,2.0,15,29,35,24,26,19
1497,2015-08-12,4.0,42,1,49,51,50,11
1496,2015-08-08,4.0,7,25,34,11,37,51
1495,2015-08-05,1.0,29,2,22,51,52,3
1494,2015-08-01,2.0,14,48,28,30,15,18
1493,2015-07-29,1.0,18,15,29,49,14,34
1492,2015-07-25,1.0,1,32,28,48,17,16
1491,2015-07-22,2.0,26,20,31,11,17,19
1490,2015-07-18,1.0,48,16,14,3,26,2
1489,2015-07-15,2.0,19,9,24,48,42,16
1488,2015-07-11,2.0,25,29,42,16,28,7
1487,2015-07-08,3.0,44,12,26,48,29,45
1486,2015-07-04,1.0,8,5,4,14,2,26
1485,2015-07-01,2.0,26,9,20,45,51,38
1484,2015-06-27,3.0,4,14,9,15,49,29
1483,2015-06-24,3.0,39,17,23,14,52,41
1482,2015-06-20,4.0,7,19,51,10,46,22
1481,2015-06-17,1.0,45,24,15,9,17,3
1480,2015-06-13,2.0,46,14,40,32,21,26
1479,2015-06-10,1.0,8,1,11,29,9,36
1478,2015-06-06,2.0,46,47,34,30,48,16
1477,2015-06-03,4.0,34,28,45,2,51,17
1476,2015-05-30,3.0,7,30,23,2,28,8
1475,2015-05-27,4.0,46,29,3,17,47,5
1474,2015-05-23,3.0,18,24,26,44,27,11
1473,2015-05-20,3.0,29,46,41,7,8,36
1472,2015-05-16,3.0,28,48,44,39,25,52
1471,2015-05-13,1.0,25,29,6,13,33,16
1470,2015-05-09,3.0,36,35,38,29,22,11
1469,2015-05-06,4.0,20,6,38,19,16,1
1468,2015-05-02,3.0,51,30,27,39,44,46
1467,2015-04-29,2.0,3,4,10,5,6,51
1466,2015-04-25,1.0,18,9,48,50,12,27
1465,2015-04-22,3.0,35,14,21,34,7,5
1464,2015-04-18,1.0,7,44,23,12,36,3
1463,2015-04-15,1.0,17,3,11,31,45,26
1462,2015-04-11,1.0,22,44,45,29,49,14
1461,2015-04-08,2.0,49,5,50,35,26,24
1460,2015-04-04,4.0,45,30,34,26,23,9
1459,2015-04-01,4.0,36,30,5,37,14,52
1458,2015-03-28,4.0,43,29,33,21,25,27
1457,2015-03-25,3.0,51,47,11,25,29,13
1456,2015-03-21,3.0,20,31,49,26,11,4
1455,2015-03-18,3.0,20,52,45,4,38,31
1454,2015-03-14,2.0,25,21,3,36,29,4
1453,2015-03-11,4.0,15,43,16,37,24,34
1452,2015-03-07,2.0,9,2,13,22,4,10
1451,2015-03-04,2.0,36,51,31,47,48,33
1450,2015-02-28,2.0,44,16,22,29,45,49
1449,2015-02-25,2.0,40,27,51,49,45,23
1448,2015-02-21,1.0,22,20,14,8,44,45
1447,2015-02-18,4.0,29,43,26,10,3,33
1446,2015-02-14,1.0,11,32,34,1,23,12
1445,2015-02-11,4.0,41,23,31,39,33,6
1444,2015-02-07,4.0,20,7,17,4,47,5
1443,2015-02-04,3.0,20,37,45,1,35,32
1442,2015-01-31,3.0,51,50,40,35,42,46
1441,2015-01-28,3.0,15,29,37,1,28,16
1440,2015-01-24,3.0,20,37,40,11,3,47
1439,2015-01-21,2.0,42,14,29,27,6,23
1438,2015-01-17,2.0,19,5,22,15,8,31
1437,2015-01-14,3.0,15,38,23,28,17,6
1436,2015-01-10,3.0,42,22,17,3,26,11
1435,2015-01-07,2.0,12,46,18,5,49,28
1434,2015-01-03,2.0,16,26,42,10,50,41
1433,2014-12-31,2.0,42,19,13,30,1,35
1432,2014-12-27,4.0,36,42,9,6,10,39
1431,2014-12-24,2.0,42,16,13,1,17,48
1430,2014-12-20,2.0,17,46,10,38,22,24
1429,2014-12-17,2.0,47,12,16,18,6,24
1428,2014-12-13,2.0,19,35,9,6,18,13
1427,2014-12-10,3.0,33,41,32,49,42,35
1426,2014-12-06,2.0,42,21,3,30,8,14
1425,2014-12-03,3.0,29,51,32,14,37,50
1424,2014-11-29,1.0,7,34,21,13,17,15
1423,2014-11-26,3.0,4,50,44,45,2,21
1422,2014-11-22,3.0,40,17,9,10,16,15
1421,2014-11-19,2.0,28,37,7,38,52,40
1420,2014-11-15,2.0,14,47,38,8,19,9
1419,2014-11-12,1.0,34,42,13,3,45,32
1418,2014-11-08,3.0,6,37,10,12,1,35
1417,2014-11-05,4.0,4,44,8,19,26,37
1416,2014-11-01,2.0,45,52,3,6,44,48
1415,2014-10-29,2.0,43,34,41,31,3,52
1414,2014-10-25,1.0,48,31,27,12,25,42
1413,2014-10-22,3.0,35,18,28,29,15,46
1412,2014-10-18,4.0,42,30,4,40,43,23
1411,2014-10-15,2.0,49,50,31,10,4,42
1410,2014-10-11,3.0,21,32,8,41,35,49
1409,2014-10-08,3.0,30,20,7,16,49,15
1408,2014-10-04,1.0,29,43,5,10,19,20
1407,2014-10-01,4.0,6,26,5,8,39,18
1406,2014-09-27,2.0,50,51,15,10,39,28
1405,2014-09-24,3.0,37,11,21,50,30,36
1404,2014-09-20,2.0,1,33,42,7,47,13
1403,2014-09-17,4.0,48,29,40,3,51,23
1402,2014-09-13,4.0,33,36,9,42,6,4
1401,2014-09-10,1.0,28,12,10,19,30,29
1400,2014-09-06,2.0,50,42,27,2,28,26
1399,2014-09-03,4.0,52,7,21,35,46,30
1398,2014-08-30,4.0,44,27,18,50,24,52
1397,2014-08-27,2.0,49,36,50,43,22,45
1396,2014-08-23,2.0,1,45,31,6,4,12
1395,2014-08-20,2.0,28,6,29,45,15,43
1394,2014-08-16,3.0,25,46,47,38,50,45
1393,2014-08-13,1.0,46,21,51,2,10,19
1392,2014-08-09,2.0,38,45,33,34,20,15
1391,2014-08-06,3.0,12,16,51,40,21,49
1390,2014-08-02,2.0,27,26,20,13,16,21
1389,2014-07-30,1.0,3,52,13,29,20,12
1388,2014-07-26,2.0,45,21,41,50,10,16
1387,2014-07-23,1.0,40,22,32,27,29,16
1386,2014-07-19,2.0,18,48,50,39,21,36
1385,2014-07-16,4.0,4,28,9,45,36,41
1384,2014-07-12,4.0,37,33,49,22,14,25
1383,2014-07-09,3.0,5,33,44,4,27,14
1382,2014-07-05,3.0,1,49,34,44,16,52
1381,2014-07-02,4.0,4,23,39,21,50,52
1380,2014-06-28,3.0,20,21,47,15,30,28
1379,2014-06-25,1.0,39,42,46,26,28,12
1378,2014-06-21,1.0,16,52,43,42,1,30
1377,2014-06-18,4.0,9,7,41,43,30,46
1376,2014-06-14,4.0,31,49,52,17,7,1
1375,2014-06-11,2.0,34,36,40,13,7,12
1374,2014-06-07,3.0,34,2,48,12,31,35
1373,2014-06-04,4.0,1,44,5,10,11,13
1372,2014-05-31,2.0,36,50,23,48,30,28
1371,2014-05-28,1.0,5,50,26,4,12,47
1370,2014-05-24,1.0,34,35,45,26,13,24
1369,2014-05-21,4.0,27,46,12,38,9,20
1368,2014-05-17,1.0,15,2,12,21,11,50
1367,2014-05-14,3.0,12,31,41,18,50,25
1366,2014-05-10,2.0,6,25,41,13,31,10
1365,2014-05-07,2.0,51,10,27,18,35,9
1364,2014-05-03,1.0,42,27,43,28,48,25
1363,2014-04-30,3.0,34,9,13,23,42,48
1362,2014-04-26,3.0,18,33,4,46,49,50
1361,2014-04-23,2.0,32,18,45,37,48,24
1360,2014-04-19,1.0,23,30,36,42,14,28
1359,2014-04-16,1.0,31,20,32,28,23,36
1358,2014-04-12,4.0,20,1,19,26,52,22
1357,2014-04-09,3.0,49,5,43,38,21,39
1356,2014-04-05,1.0,13,18,51,31,4,5
1355,2014-04-02,4.0,40,27,9,35,30,12
1354,2014-03-29,3.0,15,37,12,22,43,34
1353,2014-03-26,3.0,23,28,30,34,35,33
1352,2014-03-22,3.0,46,25,27,51,20,33
1351,2014-03-19,4.0,35,49,46,47,45,18
1350,2014-03-15,4.0,49,20,9,21,47,15
1349,2014-03-12,3.0,51,33,30,31,4,5
1348,2014-03-08,3.0,19,47,7,6,43,39
1347,2014-03-05,4.0,41,33,26,50,9,32
1346,2014-03-01,4.0,16,35,42,6,36,2
1345,2014-02-26,2.0,14,8,36,5,35,40
1344,2014-02-22,1.0,41,24,34,39,13,44
1343,2014-02-19,3.0,5,36,11,4,12,26
1342,2014-02-15,3.0,26,13,24,16,30,34
1341,2014-02-12,2.0,44,41,18,26,34,51
1340,2014-02-08,3.0,6,30,49,11,51,47
1339,2014-02-05,1.0,39,46,7,41,31,8
1338,2014-02-01,2.0,48,49,25,36,24,16
1337,2014-01-29,4.0,13,37,8,52,6,18
1336,2014-01-25,3.0,51,39,42,34,15,36
1335,2014-01-22,4.0,14,26,37,52,28,36
1334,2014-01-18,4.0,51,24,41,40,13,11
1333,2014-01-15,3.0,19,12,9,33,18,4
1332,2014-01-11,3.0,4,37,50,13,44,15
1331,2014-01-08,3.0,26,8,44,10,29,6
1330,2014-01-04,2.0,19,37,34,48,5,27
1329,2014-01-01,2.0,19,46,52,42,13,5
1328,2013-12-28,2.0,43,9,20,39,15,17
1327,2013-12-25,1.0,20,24,41,35,1,27
1326,2013-12-21,4.0,3,43,15,36,41,7
1325,2013-12-18,2.0,4,25,46,51,45,18
1324,2013-12-14,1.0,6,48,33,52,12,44
1323,2013-12-11,4.0,13,38,2,20,35,51
1322,2013-12-07,4.0,24,51,37,46,9,42
1321,2013-12-04,2.0,40,29,9,8,41,11
1320,2013-11-30,1.0,30,31,26,7,34,41
1319,2013-11-27,3.0,26,38,12,20,14,3
1318,2013-11-23,2.0,1,28,31,2,30,7
1317,2013-11-20,2.0,19,20,41,51,23,46
1316,2013-11-16,1.0,40,10,52,15,37,49
1315,2013-11-13,3.0,8,1,23,6,35,19
1314,2013-11-09,3.0,42,11,5,32,34,39
1313,2013-11-06,2.0,33,2,49,50,1,4
1312,2013-11-02,2.0,30,33,13,49,26,28
1311,2013-10-30,2.0,44,4,45,39,26,41
1310,2013-10-26,2.0,42,41,48,27,21,39
1309,2013-10-23,3.0,33,43,26,11,37,36
1308,2013-10-19,3.0,23,40,43,12,30,9
1307,2013-10-16,3.0,4,24,44,3,2,19
1306,2013-10-12,4.0,45,5,27,10,18,4
1305,2013-10-09,4.0,26,32,31,17,3,27
1304,2013-10-05,4.0,8,13,17,51,43,34
1303,2013-10-02,3.0,40,36,10,21,28,8
1302,2013-09-28,3.0,1,36,34,11,18,16
1301,2013-09-25,4.0,38,8,23,13,52,14
1300,2013-09-21,2.0,1,12,42,9,17,51
1299,2013-09-18,4.0,1,15,22,46,9,47
1298,2013-09-14,2.0,50,36,2,48,5,19
1297,2013-09-11,2.0,20,35,47,19,40,51
1296,2013-09-07,1.0,40,50,31,9,32,19
1295,2013-09-04,1.0,48,8,32,51,22,5
1294,2013-08-31,1.0,16,26,5,8,47,22
1293,2013-08-28,1.0,51,52,34,48,12,10
1292,2013-08-24,4.0,52,17,21,35,11,13
1291,2013-08-21,1.0,23,41,1,52,48,13
1290,2013-08-17,1.0,29,24,45,7,52,17
1289,2013-08-14,3.0,2,12,33,9,3,28
1288,2013-08-10,2.0,30,48,41,35,15,46
1287,2013-08-07,2.0,43,10,27,47,31,9
1286,2013-08-03,2.0,49,1,19,34,22,18
1285,2013-07-31,4.0,9,30,23,40,48,10
1284,2013-07-27,3.0,37,8,28,18,33,4
1283,2013-07-24,3.0,27,14,16,18,36,3
1282,2013-07-20,4.0,43,48,13,34,2,45
1281,2013-07-17,4.0,49,38,19,22,50,33
1280,2013-07-13,1.0,39,7,26,10,42,22
1279,2013-07-10,1.0,17,33,30,3,41,36
1278,2013-07-06,2.0,41,10,28,47,35,29
1277,2013-07-03,2.0,38,8,24,5,43,48
1276,2013-06-29,4.0,48,50,34,22,14,30
1275,2013-06-26,3.0,45,39,32,37,10,24
1274,2013-06-22,4.0,27,1,17,6,11,42
1273,2013-06-19,2.0,52,28,13,23,34,1
1272,2013-06-15,4.0,48,14,29,5,7,16
1271,2013-06-12,2.0,26,52,15,23,19,32
1270,2013-06-08,2.0,8,9,36,43,17,32
1269,2013-06-05,3.0,28,52,24,44,51,35
1268,2013-06-01,3.0,31,40,44,46,12,41
1267,2013-05-29,3.0,2,8,28,48,46,29
1266,2013-05-25,3.0,3,33,36,34,27,46
1265,2013-05-22,1.0,4,38,2,10,33,29
1264,2013-05-18,1.0,16,26,10,27,1,38
1263,2013-05-15,1.0,20,3,34,30,35,48
1262,2013-05-11,1.0,24,34,30,1,40,38
1261,2013-05-08,2.0,21,27,40,44,13,15
1260,2013-05-04,3.0,29,48,12,4,10,19
1259,2013-05-01,4.0,10,48,27,30,35,20
1258,2013-04-27,2.0,45,18,7,35,51,2
1257,2013-04-24,2.0,22,29,13,26,27,31
1256,2013-04-20,2.0,44,32,41,46,5,3
1255,2013-04-17,3.0,52,50,43,47,26,5
1254,2013-04-13,1.0,35,33,41,36,15,14
1253,2013-04-10,1.0,45,24,52,17,34,43
1252,2013-04-06,1.0,26,23,20,38,6,1
1251,2013-04-03,2.0,52,6,40,21,35,2
1250,2013-03-30,2.0,21,47,16,44,49,32
1249,2013-03-27,4.0,30,20,16,4,39,10
1248,2013-03-23,3.0,25,35,26,6,7,13
1247,2013-03-20,1.0,35,6,45,42,31,4
1246,2013-03-16,4.0,30,41,2,4,44,25
1245,2013-03-13,3.0,25,51,11,13,12,9
1244,2013-03-09,4.0,51,52,44,42,22,17
1243,2013-03-06,3.0,50,45,29,22,47,36
1242,2013-03-02,3.0,38,15,41,13,14,20
1241,2013-02-27,3.0,15,21,40,28,32,4
1240,2013-02-23,2.0,46,11,24,51,5,40
1239,2013-02-20,4.0,47,17,40,4,11,31
1238,2013-02-16,2.0,11,24,16,7,17,30
1237,2013-02-13,2.0,50,51,6,16,24,1
1236,2013-02-09,1.0,48,20,32,36,9,15
1235,2013-02-06,4.0,9,30,6,7,10,24
1234,2013-02-02,2.0,30,33,44,5,13,6
1233,2013-01-30,2.0,18,24,45,42,44,46
1232,2013-01-26,2.0,29,48,24,51,33,5
1231,2013-01-23,2.0,34,46,23,11,50,48
1230,2013-01-19,3.0,29,39,20,18,44,21
1229,2013-01-16,2.0,24,13,47,8,3,18
1228,2013-01-12,3.0,2,36,13,24,25,28
1227,2013-01-09,2.0,42,39,35,25,37,5
1226,2013-01-05,1.0,4,30,25,45,43,40
1225,2013-01-02,3.0,9,41,21,50,27,8
1224,2012-12-29,2.0,2,50,6,14,4,51
1223,2012-12-26,3.0,25,2,5,40,17,38
1222,2012-12-22,2.0,11,25,49,44,20,34
1221,2012-12-19,1.0,33,38,44,27,32,30
1220,2012-12-15,4.0,21,33,12,38,31,35
1219,2012-12-12,2.0,4,26,47,50,42,5
1218,2012-12-08,2.0,27,14,19,36,15,47
1217,2012-12-05,3.0,26,13,43,19,31,36
1216,2012-12-01,2.0,47,4,51,21,5,13
1215,2012-11-28,2.0,43,40,1,31,45,46
1214,2012-11-24,2.0,21,16,17,4,34,15
1213,2012-11-21,4.0,32,45,42,50,15,40
1212,2012-11-17,1.0,45,44,51,27,21,33
1211,2012-11-14,1.0,19,49,17,11,18,52
1210,2012-11-10,1.0,48,22,42,19,9,2
1209,2012-11-07,2.0,9,19,17,43,16,49
1208,2012-11-03,2.0,51,11,30,52,18,5
1207,2012-10-31,2.0,15,12,18,9,45,26
1206,2012-10-27,3.0,30,34,41,7,3,31
1205,2012-10-24,3.0,7,11,46,32,26,22
1204,2012-10-20,1.0,47,41,49,27,11,52
1203,2012-10-17,4.0,42,23,15,19,17,45
1202,2012-10-13,1.0,31,28,29,13,27,38
1201,2012-10-10,3.0,29,23,47,48,42,8
1200,2012-10-06,1.0,49,17,52,28,51,11
1199,2012-10-03,4.0,40,20,48,21,50,35
1198,2012-09-29,4.0,2,29,34,41,25,23
1197,2012-09-26,3.0,21,17,31,30,45,43
1196,2012-09-22,2.0,33,7,15,43,37,40
1195,2012-09-19,4.0,12,30,28,49,13,32
1194,2012-09-15,4.0,26,22,18,34,17,44
1193,2012-09-12,1.0,15,21,4,12,10,42
1192,2012-09-08,4.0,22,50,17,51,18,47
1191,2012-09-05,1.0,3,34,30,7,10,28
1190,2012-09-01,2.0,7,40,3,37,9,31
1189,2012-08-29,1.0,41,30,40,37,1,27
1188,2012-08-25,4.0,1,17,43,18,40,2
1187,2012-08-22,2.0,3,21,41,2,43,27
1186,2012-08-18,3.0,25,42,17,48,8,7
1185,2012-08-15,2.0,12,21,1,3,27,33
1184,2012-08-11,1.0,3,48,18,35,42,11
1183,2012-08-08,3.0,44,27,45,22,3,26
1182,2012-08-04,2.0,3,36,43,44,35,7
1181,2012-08-01,4.0,4,1,51,42,36,43
1180,2012-07-28,3.0,3,38,1,50,45,10
1179,2012-07-25,4.0,18,50,26,35,45,24
1178,2012-07-21,3.0,21,18,16,19,9,4
1177,2012-07-18,4.0,12,51,35,11,9,6
1176,2012-07-14,1.0,42,13,28,11,45,31
1175,2012-07-11,3.0,48,51,39,36,32,38
1174,2012-07-07,4.0,15,39,18,23,28,33
1173,2012-07-04,4.0,50,42,38,7,15,23
1172,2012-06-30,3.0,10,52,40,16,31,41
1171,2012-06-27,4.0,20,21,52,39,9,7
1170,2012-06-23,3.0,37,52,3,46,41,4
1169,2012-06-20,4.0,18,6,17,38,33,24
1168,2012-06-16,3.0,41,6,37,39,23,47
1167,2012-06-13,4.0,40,51,23,3,36,46
1166,2012-06-09,2.0,22,8,21,7,2,4
1165,2012-06-06,2.0,17,8,44,26,10,32
1164,2012-06-02,3.0,16,24,41,34,3,51
1163,2012-05-30,1.0,38,32,8,48,46,14
1162,2012-05-26,2.0,20,52,8,14,13,9
1161,2012-05-23,3.0,14,49,17,24,15,16
1160,2012-05-19,2.0,30,5,43,12,29,15
1159,2012-05-16,2.0,8,29,16,33,20,46
1158,2012-05-12,1.0,2,28,13,33,5,21
1157,2012-05-09,4.0,21,42,46,8,12,35
1156,2012-05-05,1.0,36,31,23,50,5,15
1155,2012-05-02,4.0,22,8,34,25,11,52
1154,2012-04-28,4.0,15,22,6,10,35,52
1153,2012-04-25,4.0,46,17,3,26,35,5
1152,2012-04-21,1.0,31,5,4,15,13,12
1151,2012-04-18,2.0,8,30,36,44,42,48
1150,2012-04-14,1.0,13,46,11,15,6,47
1149,2012-04-11,3.0,34,49,30,21,16,19
1148,2012-04-07,4.0,10,5,6,8,38,22
1147,2012-04-04,4.0,21,24,23,38,6,41
1146,2012-03-31,3.0,45,11,4,31,3,2
1145,2012-03-28,3.0,22,35,24,3,8,23
1144,2012-03-24,4.0,7,33,29,8,36,22
1143,2012-03-21,2.0,5,4,24,6,26,11
1142,2012-03-17,2.0,30,15,44,13,20,47
1141,2012-03-14,4.0,25,7,8,42,33,4
1140,2012-03-10,2.0,20,10,23,48,33,18
1139,2012-03-07,3.0,15,11,17,48,16,51
1138,2012-03-03,1.0,32,48,42,2,11,14
1137,2012-02-29,4.0,4,30,41,24,15,34
1136,2012-02-25,2.0,31,27,29,9,36,5
1135,2012-02-22,4.0,29,18,49,1,19,15
1134,2012-02-18,3.0,50,31,19,4,1,48
1133,2012-02-15,3.0,34,41,33,6,18,50
1132,2012-02-11,2.0,9,38,27,32,15,2
1131,2012-02-08,3.0,26,11,2,16,6,25
1130,2012-02-04,2.0,42,44,45,14,17,50
1129,2012-02-01,3.0,31,12,1,26,18,27
1128,2012-01-28,3.0,51,42,8,47,49,24
1127,2012-01-25,2.0,32,8,28,16,2,44
1126,2012-01-21,2.0,21,30,9,13,42,41
1125,2012-01-18,1.0,23,47,42,15,12,52
1124,2012-01-14,3.0,52,26,13,21,38,49
1123,2012-01-11,4.0,36,7,44,42,23,46
1122,2012-01-07,4.0,20,42,17,45,18,13
1121,2012-01-04,3.0,46,6,41,28,52,13
1120,2011-12-31,1.0,7,21,8,32,6,9
1119,2011-12-28,4.0,28,15,47,26,13,7
1118,2011-12-24,3.0,34,46,4,3,32,21
1117,2011-12-21,4.0,15,31,20,6,48,5
1116,2011-12-17,3.0,39,41,5,47,35,43
1115,2011-12-14,2.0,10,49,33,28,14,23
1114,2011-12-10,4.0,22,23,39,46,11,21
1113,2011-12-07,4.0,22,24,50,46,47,33
1112,2011-12-03,2.0,9,2,52,20,41,1
1111,2011-11-30,3.0,49,11,32,15,26,4
1110,2011-11-26,3.0,39,10,20,22,21,11
1109,2011-11-23,2.0,15,29,10,31,41,2
1108,2011-11-19,2.0,20,5,4,48,39,32
1107,2011-11-16,2.0,12,7,51,18,15,22
1106,2011-11-12,2.0,34,23,7,18,46,33
1105,2011-11-09,1.0,15,4,40,6,31,24
1104,2011-11-05,1.0,24,12,17,30,51,47
1103,2011-11-02,3.0,34,20,14,40,2,18
1102,2011-10-29,2.0,17,30,6,15,11,35
1101,2011-10-26,3.0,37,19,15,16,27,22
1100,2011-10-22,4.0,30,1,11,7,14,44
1099,2011-10-19,4.0,23,2,14,19,32,6
1098,2011-10-15,4.0,21,50,25,34,37,29
1097,2011-10-12,2.0,7,10,41,29,15,43
1096,2011-10-08,1.0,18,46,34,52,10,40
1095,2011-10-05,4.0,6,1,14,21,45,47
1094,2011-10-01,3.0,3,27,41,32,25,8
1093,2011-09-28,1.0,43,51,6,20,14,16
1092,2011-09-24,3.0,47,46,2,27,40,33
1091,2011-09-21,3.0,29,43,37,48,21,11
1090,2011-09-17,1.0,33,1,30,24,4,25
1089,2011-09-14,1.0,29,51,6,38,19,47
1088,2011-09-10,4.0,19,47,6,2,52,45
1087,2011-09-07,1.0,6,15,33,14,29,21
1086,2011-09-03,1.0,33,44,23,10,29,42
1085,2011-08-31,3.0,2,45,23,18,5,1
1084,2011-08-27,3.0,27,45,1,28,49,10
1083,2011-08-24,3.0,33,3,14,23,26,35
1082,2011-08-20,3.0,47,10,38,49,5,29
1081,2011-08-17,3.0,18,24,33,22,6,14
1080,2011-08-13,3.0,20,24,31,5,45,51
1079,2011-08-10,2.0,9,34,45,8,39,24
1078,2011-08-06,3.0,12,50,10,8,52,47
1077,2011-08-03,3.0,42,18,52,7,19,6
1076,2011-07-30,2.0,16,31,3,32,25,8
1075,2011-07-27,2.0,14,46,27,10,38,29
1074,2011-07-23,4.0,45,7,28,30,26,43
1073,2011-07-20,4.0,26,37,34,47,41,19
1072,2011-07-16,3.0,51,6,42,52,9,22
1071,2011-07-13,4.0,7,1,19,6,52,13
1070,2011-07-09,4.0,35,42,15,19,14,33
1069,2011-07-06,3.0,10,27,6,14,17,51
1068,2011-07-02,4.0,18,14,10,20,30,5
1067,2011-06-29,1.0,19,45,4,42,21,52
1066,2011-06-25,2.0,14,51,45,34,46,41
1065,2011-06-22,4.0,31,29,17,35,41,15
1064,2011-06-18,4.0,29,44,46,2,3,13
1063,2011-06-15,4.0,28,46,38,32,26,42
1062,2011-06-11,3.0,13,26,8,5,16,2
1061,2011-06-08,1.0,5,51,24,37,7,42
1060,2011-06-04,1.0,41,46,12,52,14,35
1059,2011-06-01,4.0,10,7,34,48,42,9
1058,2011-05-28,1.0,25,24,18,17,20,21
1057,2011-05-25,1.0,21,17,3,41,33,2
1056,2011-05-21,1.0,6,7,24,9,4,3
1055,2011-05-18,2.0,23,52,24,48,49,2
1054,2011-05-14,3.0,15,49,9,4,43,10
1053,2011-05-11,3.0,26,24,10,42,1,5
1052,2011-05-07,3.0,52,7,33,4,50,5
1051,2011-05-04,3.0,11,4,24,28,16,20
1050,2011-04-30,2.0,17,50,13,18,21,16
1049,2011-04-27,3.0,18,5,25,52,46,38
1048,2011-04-23,4.0,10,12,22,46,32,52
1047,2011-04-20,1.0,4,37,45,26,50,14
1046,2011-04-16,3.0,42,23,22,9,27,5
1045,2011-04-13,1.0,38,8,4,52,44,9
1044,2011-04-09,2.0,49,27,38,16,5,36
1043,2011-04-06,4.0,36,41,29,18,14,51
1042,2011-04-02,4.0,41,45,23,35,34,30
1041,2011-03-30,1.0,27,9,8,35,33,51
1040,2011-03-26,1.0,51,20,9,1,17,7
1039,2011-03-23,3.0,22,5,13,36,47,39
1038,2011-03-19,3.0,3,31,48,46,24,35
1037,2011-03-16,3.0,22,5,15,51,36,38
1036,2011-03-12,4.0,51,10,33,49,22,16
1035,2011-03-09,1.0,14,9,43,10,33,2
1034,2011-03-05,2.0,28,52,7,10,47,5
1033,2011-03-02,2.0,28,32,24,51,4,22
1032,2011-02-26,3.0,12,27,31,7,6,44
1031,2011-02-23,3.0,12,5,20,26,19,15
1030,2011-02-19,4.0,14,35,5,19,30,4
1029,2011-02-16,1.0,33,10,14,50,11,26
1028,2011-02-12,4.0,37,18,2,1,43,33
1027,2011-02-09,4.0,48,49,4,16,23,33
1026,2011-02-05,4.0,1,37,15,18,27,30
1025,2011-02-02,4.0,42,24,17,35,33,25
1024,2011-01-29,2.0,36,22,51,14,16,9
1023,2011-01-26,3.0,46,17,15,3,14,49
1022,2011-01-22,2.0,7,38,2,25,47,52
1021,2011-01-19,2.0,5,35,22,41,6,25
1020,2011-01-15,2.0,43,42,14,17,37,30
1019,2011-01-12,4.0,41,15,11,2,19,17
1018,2011-01-08,4.0,16,26,43,35,10,4
1017,2011-01-05,2.0,33,42,46,30,19,14
1016,2011-01-01,2.0,43,9,13,25,33,5
1015,2010-12-29,3.0,30,35,18,15,19,51
1014,2010-12-25,3.0,40,52,22,12,47,27
1013,2010-12-22,3.0,3,46,1,34,11,24
1012,2010-12-18,1.0,33,51,20,23,31,35
1011,2010-12-15,1.0,23,4,28,31,32,35
1010,2010-12-11,3.0,21,46,19,52,40,12
1009,2010-12-08,3.0,30,45,52,12,17,1
1008,2010-12-04,1.0,17,29,31,30,47,43
1007,2010-12-01,4.0,34,47,10,5,39,8
1006,2010-11-27,3.0,42,30,17,41,11,34
1005,2010-11-24,1.0,27,37,34,25,13,50
1004,2010-11-20,2.0,49,11,30,20,13,40
1003,2010-11-17,3.0,45,24,31,26,28,6
1002,2010-11-13,4.0,15,42,38,20,16,25
1001,2010-11-10,1.0,13,24,17,50,26,12
1000,2010-11-06,1.0,9,52,27,6,39,13
999,2010-11-03,3.0,30,9,36,27,28,11
998,2010-10-30,2.0,16,40,33,3,49,36
997,2010-10-27,1.0,31,51,4,48,10,12
996,2010-10-23,3.0,12,1,50,37,7,11
995,2010-10-20,3.0,27,46,42,20,14,34
994,2010-10-16,3.0,17,39,27,47,31,3
993,2010-10-13,3.0,34,4,52,13,11,17
992,2010-10-09,3.0,11,39,18,1,6,35
991,2010-10-06,4.0,52,29,49,42,18,7
990,2010-10-02,2.0,51,50,42,32,23,5
989,2010-09-29,2.0,41,36,28,26,47,32
988,2010-09-25,1.0,16,20,15,14,11,23
987,2010-09-22,3.0,32,28,31,37,34,50
986,2010-09-18,1.0,52,16,40,38,3,24
985,2010-09-15,1.0,14,24,13,19,5,35
984,2010-09-11,2.0,50,5,15,43,23,12
983,2010-09-08,3.0,2,8,36,28,50,15
982,2010-09-04,3.0,5,15,37,22,44,7
981,2010-09-01,2.0,34,12,20,36,25,16
980,2010-08-28,4.0,4,38,10,46,16,26
979,2010-08-25,2.0,50,37,10,40,35,15
978,2010-08-21,4.0,17,36,38,45,34,15
977,2010-08-18,4.0,22,4,36,18,45,50
976,2010-08-14,1.0,36,25,50,12,16,4
975,2010-08-11,4.0,7,4,28,45,39,36
974,2010-08-07,4.0,18,22,23,39,16,40
973,2010-08-04,3.0,16,5,4,39,36,6
972,2010-07-31,3.0,38,17,40,23,14,31
971,2010-07-28,1.0,43,13,39,20,5,30
970,2010-07-24,1.0,39,31,6,25,44,48
969,2010-07-21,4.0,41,2,22,15,12,23
968,2010-07-17,3.0,5,50,22,47,43,20
967,2010-07-14,1.0,34,50,22,3,51,17
966,2010-07-10,4.0,31,8,45,50,18,4
965,2010-07-07,1.0,28,35,25,9,3,21
964,2010-07-03,4.0,51,20,52,50,6,2
963,2010-06-30,2.0,37,1,32,10,52,48
962,2010-06-26,2.0,25,18,15,29,51,50
961,2010-06-23,2.0,37,31,38,15,45,33
960,2010-06-19,3.0,5,46,16,21,47,9
959,2010-06-16,3.0,34,44,46,18,13,8
958,2010-06-12,1.0,1,33,49,39,48,30
957,2010-06-09,4.0,12,22,37,23,17,19
956,2010-06-05,3.0,25,22,29,52,20,18
955,2010-06-02,2.0,45,43,19,28,7,52
954,2010-05-29,2.0,9,32,40,29,16,48
953,2010-05-26,2.0,3,13,34,25,40,51
952,2010-05-22,3.0,41,5,21,43,36,27
951,2010-05-19,1.0,12,6,10,5,28,2
950,2010-05-15,1.0,35,19,51,44,8,11
949,2010-05-12,3.0,14,24,25,1,38,39
948,2010-05-08,2.0,2,31,32,50,22,51
947,2010-05-05,4.0,29,19,48,1,30,11
946,2010-05-01,1.0,39,17,27,36,19,40
945,2010-04-28,1.0,29,5,36,32,43,12
944,2010-04-24,2.0,15,16,6,38,3,14
943,2010-04-21,3.0,11,31,19,6,38,30
942,2010-04-17,3.0,42,26,3,13,40,20
941,2010-04-14,2.0,28,45,21,27,5,16
940,2010-04-10,1.0,44,23,48,5,14,8
939,2010-04-07,1.0,22,26,47,25,27,48
938,2010-04-03,2.0,16,33,3,17,1,5
937,2010-03-31,2.0,35,18,22,5,27,12
936,2010-03-27,2.0,20,9,16,36,52,24
935,2010-03-24,4.0,16,20,23,25,3,33
934,2010-03-20,3.0,14,25,20,2,34,19
933,2010-03-17,2.0,44,7,40,5,27,3
932,2010-03-13,3.0,50,47,42,34,11,6
931,2010-03-10,2.0,15,25,37,33,35,23
930,2010-03-06,2.0,24,15,34,4,19,42
929,2010-03-03,3.0,42,7,2,25,36,21
928,2010-02-27,2.0,46,42,3,23,24,31
927,2010-02-24,2.0,41,10,15,25,51,8
926,2010-02-20,4.0,19,6,32,44,18,20
925,2010-02-17,4.0,26,30,27,31,35,50
924,2010-02-13,4.0,14,15,31,52,37,5
923,2010-02-10,1.0,32,4,38,31,14,19
922,2010-02-06,1.0,4,14,28,43,6,8
921,2010-02-03,3.0,36,44,23,3,21,22
920,2010-01-30,3.0,3,9,14,20,43,33
919,2010-01-27,3.0,40,27,10,26,44,6
918,2010-01-23,3.0,23,25,3,21,37,40
